run_id,region_method,resolution,official_region,listings
2026-06-23__2026-09-26,official_register_nutsii_v1,resolved,Alentejo,29
2026-06-23__2026-09-26,official_register_nutsii_v1,resolved,Algarve,214
2026-06-23__2026-09-26,official_register_nutsii_v1,resolved,Centro,26
2026-06-23__2026-09-26,official_register_nutsii_v1,resolved,Grande Lisboa,61
2026-06-23__2026-09-26,official_register_nutsii_v1,resolved,Norte,116
2026-06-23__2026-09-26,official_register_nutsii_v1,resolved,Oeste e Vale do Tejo,54
2026-06-23__2026-09-26,official_register_nutsii_v1,resolved,Península de Setúbal,69
2026-06-23__2026-10-01,official_register_nutsii_v1,resolved,Alentejo,29
2026-06-23__2026-10-01,official_register_nutsii_v1,resolved,Algarve,214
2026-06-23__2026-10-01,official_register_nutsii_v1,resolved,Centro,26
2026-06-23__2026-10-01,official_register_nutsii_v1,resolved,Grande Lisboa,61
2026-06-23__2026-10-01,official_register_nutsii_v1,resolved,Norte,116
2026-06-23__2026-10-01,official_register_nutsii_v1,resolved,Oeste e Vale do Tejo,54
2026-06-23__2026-10-01,official_register_nutsii_v1,resolved,Península de Setúbal,69
